INSERT INTO `user`(id, username, password) VALUES
                       ('airf33','cullen64','3717e7f2h5h'),
                       ('bfyq36','vincenzo62','2529s0a2r4g'),
                       ('bngz87','monroe.o\'kon','7720e3u7a0n'),
                       ('cfgz29','funk.harley','0558r4e9k1e'),
                       ('dnjf38','orn.willie','8467z9t2d8l'),
                       ('hmoy15','santa.donnelly','7502m7g3f3q'),
                       ('kqbn33','jaskolski.abdiel','4612s8t6d3v'),
                       ('kupk46','emelia.bogisich','0004y2p5u0q'),
                       ('lbpm57','pkeeling','8386v6k9r8u'),
                       ('ltkb93','bednar.lionel','9145a0f9k1b'),
                       ('mtoh67','haag.morton', '7400w0t6e3m'),
                       ('nsqd22','aletha.mcdermott','9629p6j8d1b'),
                       ('qjdu76','enrique.predovic','3565t3r6i5t'),
                       ('qroo10','kane.zemlak','6688k0c1e3f'),
                       ('sdtb86','leuschke.margarett','7048m8j4j0i'),
                       ('sfmz63','bpfeffer','8671p1w5q5m'),
                       ('sskb51','qpfannerstill','5834a9x3m8e'),
                       ('wean59','leuschke.marjory','5268u0a4k7c'),
                       ('ynkv75','flatley.stephany','5397r1l8z4f'),
                       ('zgyf73','bruen.adah','2730f3q4r0r');

INSERT INTO `routine` VALUES
                          (1,'airf33'),
                          (2,'bfyq36'),
                          (3,'bngz87'),
                          (4,'cfgz29'),
                          (5,'dnjf38'),
                          (6,'hmoy15'),
                          (7,'kqbn33'),
                          (8,'kupk46'),
                          (9,'lbpm57'),
                          (10,'ltkb93'),
                          (11,'mtoh67'),
                          (12,'nsqd22'),
                          (13,'qjdu76'),
                          (14,'qroo10'),
                          (15,'sdtb86'),
                          (16,'sfmz63'),
                          (17,'sskb51'),
                          (18,'wean59'),
                          (19,'ynkv75'),
                          (20,'zgyf73');
INSERT INTO `post` VALUES
                       (1,'Delectus quia explic','Sed veritatis reiciendis quidem praesentium fugiat maxime. Laborum tempora voluptatem et harum. Molestiae exercitationem numquam facilis soluta ipsa. Rerum maiores ut consectetur. Suscipit quia quia accusantium tempora.','airf33','Reiciendis quis dele','2015-12-07 15:49:16',0,1,'2024-04-15 12:00:28'),
                       (2,'Voluptatem quo asper','Eum soluta neque perspiciatis expedita. Ullam numquam vero non. Voluptate aliquam itaque et consequatur expedita.','bfyq36','Vel deleniti necessi','1976-01-12 23:05:34',0,2,'1997-05-02 20:39:28'),
                       (3,'Quis aut aperiam qua','Sed vel sapiente aliquid quod cupiditate. Corrupti ipsam odio et temporibus velit. Recusandae eum vero sint ut. Consequuntur aspernatur incidunt sed corrupti occaecati alias.','bngz87','Et suscipit at offic','1972-11-03 02:56:02',6,3,'2010-04-09 08:48:41'),
                       (4,'Sint tempora non aut','Rerum et aperiam sapiente voluptate quibusdam quis sunt ipsa. Molestiae sequi aut cumque. Molestiae consequatur excepturi blanditiis qui. Rerum aut nemo magnam voluptatum aut enim harum.','cfgz29','Ipsam non accusamus ','2013-08-28 13:55:18',0,4,'1971-02-16 11:43:36'),
                       (5,'Est dignissimos anim','Dicta labore libero soluta iure sint. Ea ut consequuntur nulla soluta optio. Distinctio consequatur vero rerum nam quis. Similique quod qui sunt ex est optio praesentium.','dnjf38','Suscipit unde ab non','2023-07-11 00:29:40',0,5,'2007-01-02 06:50:38'),
                       (6,'Vero iste natus iust','Harum labore porro explicabo quae et vel maiores laborum. Illo autem est sed nulla magnam. Dolores labore dolores voluptas officia. Eum explicabo labore est atque ex est voluptatum. Eligendi consectetur sequi ipsa in rerum qui voluptate suscipit.','hmoy15','Molestias voluptatem','1972-06-04 17:26:52',44900,6,'1974-05-21 20:12:00'),
                       (7,'Nemo aut voluptas ne','Natus ut dicta ratione corporis in pariatur hic. Sint voluptates ipsam optio maiores. Minus vel voluptatem vitae est aliquid est. Accusantium repellat non labore similique vel ratione et. Nisi dicta est quis ex labore et.','kqbn33','Est ipsa provident u','1993-04-09 20:59:48',0,7,'1973-10-22 03:41:53'),
                       (8,'Repellat a ut beatae','Rerum aperiam totam a nobis aut. Aut totam est magni in quia aliquid sed. Error vel laborum voluptas consectetur explicabo. Fugiat omnis non molestias quis maiores enim aliquid recusandae.','kupk46','Officiis voluptas ei','1999-10-25 10:02:42',0,8,'1991-04-03 00:28:51'),
                       (9,'Qui rem consequuntur','Natus facilis recusandae enim consectetur. Hic rerum sed alias corrupti suscipit voluptatem. Quos perspiciatis nisi enim doloremque odio quo nihil. Dolorem eveniet est et aut praesentium.','lbpm57','Officia et saepe adi','2011-05-21 11:04:09',0,9,'1985-05-27 01:56:11'),
                       (10,'Omnis qui quasi est ','Et magni qui dolorem ipsum porro autem. Quisquam quisquam laudantium voluptate reprehenderit sed aliquid est. Sit tenetur enim eos eaque ut deleniti quidem. Perspiciatis dolorem voluptatum sequi deleniti deserunt.','ltkb93','Soluta voluptas nemo','1998-08-06 21:09:49',91413,10,'2008-12-10 05:17:44'),
                       (11,'Necessitatibus iste ','Est amet expedita ullam sed quidem at. Et reiciendis aut earum ut et alias id. Explicabo sequi autem soluta voluptatibus est aut voluptates.','mtoh67','Est dolorum voluptat','2023-11-07 22:29:39',3,11,'1995-06-11 13:00:41'),
                       (12,'Quas ipsam velit nes','Vitae necessitatibus reiciendis quos provident consequuntur. Culpa consequuntur illum eius. Quia et laboriosam qui nisi quaerat. Et ea accusamus quas. Nobis ducimus quia eveniet est doloribus ipsa facilis.','nsqd22','Voluptatum consectet','1995-04-01 00:39:42',542,12,'1985-06-20 01:15:52'),
                       (13,'Assumenda dolores im','Adipisci porro occaecati aspernatur. Voluptate est quidem quibusdam temporibus. Et provident sint ut iste saepe. Sed qui similique vitae veritatis qui. Debitis quidem repudiandae accusamus non ipsum.','qjdu76','Qui voluptatum asper','2003-11-18 20:21:19',58421,13,'1979-05-22 10:41:03'),
                       (14,'Facere nisi quae lab','Itaque consequuntur tempora non. Est omnis impedit rerum ipsam ea quo aut.','qroo10','Ea similique et qui ','1989-12-07 14:10:32',6247,14,'1973-02-25 00:20:07'),
                       (15,'Doloribus harum temp','Accusantium est culpa aut delectus nulla quo laudantium. Illum beatae aliquid enim aut eos. Omnis mollitia recusandae et cupiditate voluptates iste aspernatur.','sdtb86','Voluptates nam sit e','2003-02-02 22:56:01',0,15,'2023-08-29 01:55:30'),
                       (16,'Omnis quia laboriosa','Sit quae enim ut. Et et quae libero. Sed unde quae qui similique saepe quia ullam.','sfmz63','Quia et ut reiciendi','2003-07-10 07:04:16',0,16,'1987-07-08 14:39:15'),
                       (17,'Et sunt non est in d','Ullam consequatur ullam exercitationem explicabo. Quia et cum architecto occaecati voluptates cupiditate ut. Perspiciatis consequatur sed deleniti nihil ipsum reprehenderit. Nihil dolor quibusdam ut tempore autem vero temporibus non.','sskb51','Non ea sed aut. Ut c','1973-02-14 09:47:23',0,17,'2022-01-28 17:14:04'),
                       (18,'Quia harum voluptas ','Eligendi delectus rerum incidunt eaque dolor quo. Dignissimos dolorem ipsa voluptate. Deleniti ut deleniti iste eius non et. Est qui perferendis culpa voluptatum quibusdam omnis explicabo.','wean59','Nihil cumque natus v','2001-09-18 17:20:08',0,18,'1980-12-23 16:10:25'),
                       (19,'Sed et iusto iste ip','Expedita laborum dicta vitae est aut deleniti dolorum. Et sed enim cumque officia incidunt eum voluptates. Sed est dolores earum id. Veritatis tempora qui quo veritatis cumque veniam.','ynkv75','Ut architecto fugiat','2013-07-26 23:42:50',0,19,'1980-08-19 00:32:23'),
                       (20,'Et aut sequi quaerat','Ut eaque voluptatibus sint repellendus. Est temporibus omnis corporis alias cum nemo. Provident nulla ex nesciunt voluptatem soluta tempora. Nobis tempore quasi et consequatur ex mollitia.','zgyf73','Qui eos autem dolore','1974-11-25 16:46:30',886,20,'1989-11-29 04:41:18');

select * from post;