INSERT INTO `user_info`(id, username, password)
VALUES ('airf33', 'cullen64', '3717e7f2h5h'),
       ('bfyq36', 'vincenzo62', '2529s0a2r4g'),
       ('bngz87', 'monroe.o\'kon', '7720e3u7a0n'),
       ('cfgz29', 'funk.harley', '0558r4e9k1e'),
       ('dnjf38', 'orn.willie', '8467z9t2d8l'),
       ('hmoy15', 'santa.donnelly', '7502m7g3f3q'),
       ('kqbn33', 'jaskolski.abdiel', '4612s8t6d3v'),
       ('kupk46', 'emelia.bogisich', '0004y2p5u0q'),
       ('lbpm57', 'pkeeling', '8386v6k9r8u'),
       ('ltkb93', 'bednar.lionel', '9145a0f9k1b'),
       ('mtoh67', 'haag.morton', '7400w0t6e3m'),
       ('nsqd22', 'aletha.mcdermott', '9629p6j8d1b'),
       ('qjdu76', 'enrique.predovic', '3565t3r6i5t'),
       ('qroo10', 'kane.zemlak', '6688k0c1e3f'),
       ('sdtb86', 'leuschke.margarett', '7048m8j4j0i'),
       ('sfmz63', 'bpfeffer', '8671p1w5q5m'),
       ('sskb51', 'qpfannerstill', '5834a9x3m8e'),
       ('wean59', 'leuschke.marjory', '5268u0a4k7c'),
       ('ynkv75', 'flatley.stephany', '5397r1l8z4f'),
       ('zgyf73', 'bruen.adah', '2730f3q4r0r');

INSERT INTO `post`(title, description, writer_id)
VALUES ('Delectus quia explic',
        'Sed veritatis reiciendis quidem praesentium fugiat maxime. Laborum tempora voluptatem et harum. Molestiae exercitationem numquam facilis soluta ipsa. Rerum maiores ut consectetur. Suscipit quia quia accusantium tempora.',
        'cfgz29'),
       ('Voluptatem quo asper',
        'Eum soluta neque perspiciatis expedita. Ullam numquam vero non. Voluptate aliquam itaque et consequatur expedita.',
        'bfyq36'),
       ('Quis aut aperiam qua',
        'Sed vel sapiente aliquid quod cupiditate. Corrupti ipsam odio et temporibus velit. Recusandae eum vero sint ut. Consequuntur aspernatur incidunt sed corrupti occaecati alias.',
        'bngz87'),
       ('Sint tempora non aut',
        'Rerum et aperiam sapiente voluptate quibusdam quis sunt ipsa. Molestiae sequi aut cumque. Molestiae consequatur excepturi blanditiis qui. Rerum aut nemo magnam voluptatum aut enim harum.',
        'cfgz29'),
       ('Est dignissimos anim',
        'Dicta labore libero soluta iure sint. Ea ut consequuntur nulla soluta optio. Distinctio consequatur vero rerum nam quis. Similique quod qui sunt ex est optio praesentium.',
        'dnjf38'),
       ('Vero iste natus iust',
        'Harum labore porro explicabo quae et vel maiores laborum. Illo autem est sed nulla magnam. Dolores labore dolores voluptas officia. Eum explicabo labore est atque ex est voluptatum. Eligendi consectetur sequi ipsa in rerum qui voluptate suscipit.',
        'hmoy15'),
       ('Nemo aut voluptas ne',
        'Natus ut dicta ratione corporis in pariatur hic. Sint voluptates ipsam optio maiores. Minus vel voluptatem vitae est aliquid est. Accusantium repellat non labore similique vel ratione et. Nisi dicta est quis ex labore et.',
        'kqbn33'),
       ('Repellat a ut beatae',
        'Rerum aperiam totam a nobis aut. Aut totam est magni in quia aliquid sed. Error vel laborum voluptas consectetur explicabo. Fugiat omnis non molestias quis maiores enim aliquid recusandae.',
        'kupk46'),
       ('Qui rem consequuntur',
        'Natus facilis recusandae enim consectetur. Hic rerum sed alias corrupti suscipit voluptatem. Quos perspiciatis nisi enim doloremque odio quo nihil. Dolorem eveniet est et aut praesentium.',
        'lbpm57'),
       ('Omnis qui quasi est ',
        'Et magni qui dolorem ipsum porro autem. Quisquam quisquam laudantium voluptate reprehenderit sed aliquid est. Sit tenetur enim eos eaque ut deleniti quidem. Perspiciatis dolorem voluptatum sequi deleniti deserunt.',
        'ltkb93'),
       ('Necessitatibus iste ',
        'Est amet expedita ullam sed quidem at. Et reiciendis aut earum ut et alias id. Explicabo sequi autem soluta voluptatibus est aut voluptates.',
        'mtoh67'),
       ('Quas ipsam velit nes',
        'Vitae necessitatibus reiciendis quos provident consequuntur. Culpa consequuntur illum eius. Quia et laboriosam qui nisi quaerat. Et ea accusamus quas. Nobis ducimus quia eveniet est doloribus ipsa facilis.',
        'nsqd22'),
       ('Assumenda dolores im',
        'Adipisci porro occaecati aspernatur. Voluptate est quidem quibusdam temporibus. Et provident sint ut iste saepe. Sed qui similique vitae veritatis qui. Debitis quidem repudiandae accusamus non ipsum.',
        'qjdu76'),
       ('Facere nisi quae lab', 'Itaque consequuntur tempora non. Est omnis impedit rerum ipsam ea quo aut.', 'qroo10'),
       ('Doloribus harum temp',
        'Accusantium est culpa aut delectus nulla quo laudantium. Illum beatae aliquid enim aut eos. Omnis mollitia recusandae et cupiditate voluptates iste aspernatur.',
        'sdtb86'),
       ('Omnis quia laboriosa', 'Sit quae enim ut. Et et quae libero. Sed unde quae qui similique saepe quia ullam.',
        'sfmz63'),
       ('Et sunt non est in d',
        'Ullam consequatur ullam exercitationem explicabo. Quia et cum architecto occaecati voluptates cupiditate ut. Perspiciatis consequatur sed deleniti nihil ipsum reprehenderit. Nihil dolor quibusdam ut tempore autem vero temporibus non.',
        'sskb51'),
       ('Quia harum voluptas ',
        'Eligendi delectus rerum incidunt eaque dolor quo. Dignissimos dolorem ipsa voluptate. Deleniti ut deleniti iste eius non et. Est qui perferendis culpa voluptatum quibusdam omnis explicabo.',
        'wean59'),
       ('Sed et iusto iste ip',
        'Expedita laborum dicta vitae est aut deleniti dolorum. Et sed enim cumque officia incidunt eum voluptates. Sed est dolores earum id. Veritatis tempora qui quo veritatis cumque veniam.',
        'ynkv75'),
       ('Et aut sequi quaerat',
        'Ut eaque voluptatibus sint repellendus. Est temporibus omnis corporis alias cum nemo. Provident nulla ex nesciunt voluptatem soluta tempora. Nobis tempore quasi et consequatur ex mollitia.',
        'zgyf73');
        
INSERT INTO `user_profile`
VALUES ('airf33', 'F', 155, 45, 20, '주3운동'),
       ('bfyq36', 'M', 160, 50, 22, '하루에30분씩 유산소'),
       ('bngz87', 'F', 165, 55, 24, '홈트 전문가가 될래요'),
       ('cfgz29', 'F', 170, 60, 26, '55kg 목표!!'),
       ('dnjf38', 'M', 175, 65, 28, '안 맞던 옷 입기');

select *
from post;

select * from user_info;

select * from user_profile;